{"mean_loss": 0.6613225817680359, "std_loss": 0.015088872892033126, "mean_mae": 0.8279893875122071, "std_mae": 0.019458713644191477}