{"elo_diff": {"importance": 0.22772817015647884, "std": 0.0070597835894283915}, "goals_scored_avg_5": {"importance": 0.17862890958786015, "std": 0.0013620776022322735}, "goals_scored_std_5": {"importance": 0.04777206182479854, "std": 0.0016829141838938572}, "elo": {"importance": 0.03378933072090151, "std": 0.0019316709502555825}, "goals_conceded_avg_5": {"importance": 0.026267141103744507, "std": 0.0009815619829729417}, "goal_diff_avg_5": {"importance": 0.025880146026611373, "std": 0.0007629617169044904}, "goals_scored_avg_10": {"importance": 0.01284005641937258, "std": 0.000579654304533167}, "goals_scored_std_10": {"importance": 0.012595707178115867, "std": 0.0008560085072853628}, "draw_rate_5": {"importance": 0.012003147602081321, "std": 0.0007448871198062325}, "squad_market_value": {"importance": 0.00919276475906372, "std": 0.0005849022627405316}, "squad_value_diff": {"importance": 0.009176480770111128, "std": 0.0008904348068325959}, "inter_confederation": {"importance": 0.009163868427276567, "std": 0.0006863629742711864}, "goal_diff_avg_10": {"importance": 0.007992607355117753, "std": 0.0005073460392762815}, "competitive_goals_avg": {"importance": 0.0075469911098480225, "std": 0.0006035995880448024}, "goals_conceded_avg_10": {"importance": 0.007535648345947221, "std": 0.0006281332254873631}, "win_rate_20": {"importance": 0.006399917602539107, "std": 0.0006522834075234141}, "is_neutral": {"importance": 0.006362563371658303, "std": 0.0004921658524626344}, "clean_sheet_rate_5": {"importance": 0.0062025666236877885, "std": 0.0006477422688308454}, "neutral_win_rate": {"importance": 0.006195074319839455, "std": 0.00044028777904490176}, "clean_sheet_rate_20": {"importance": 0.005761170387268089, "std": 0.00041330280702738177}, "is_wc": {"importance": 0.00553733706474302, "std": 0.0004672825556941095}, "draw_rate_10": {"importance": 0.005397367477417037, "std": 0.0004761915580979422}, "win_rate_5": {"importance": 0.0053525030612945335, "std": 0.0005369604877752863}, "competitive_win_rate": {"importance": 0.0052193939685821755, "std": 0.0007677484942899453}, "goals_conceded_avg_20": {"importance": 0.004977512359619185, "std": 0.0003838744446789663}, "draw_rate_20": {"importance": 0.0044650495052337424, "std": 0.00042989023066786035}, "clean_sheet_rate_10": {"importance": 0.004456794261932351, "std": 0.0002487030115582633}, "conf_AFC": {"importance": 0.004387229681015015, "std": 0.0007648662353796048}, "confederation_strength": {"importance": 0.003934097290039018, "std": 0.0005137731679761403}, "goals_scored_avg_20": {"importance": 0.003906160593032837, "std": 0.00024893294183893615}, "points_per_game_10": {"importance": 0.0038917422294616477, "std": 0.00029482880341215664}, "points_per_game_5": {"importance": 0.0038809835910796897, "std": 0.0004182564190307195}, "goal_diff_avg_20": {"importance": 0.003822487592697099, "std": 0.00024510210642934523}, "conf_UEFA": {"importance": 0.0038141965866088645, "std": 0.0004656729883249748}, "conf_CAF": {"importance": 0.0035366773605346458, "std": 0.00040085558192026147}, "goals_scored_std_20": {"importance": 0.0035005807876586914, "std": 0.0005307857766317993}, "wc_appearances": {"importance": 0.0034297704696655273, "std": 0.0003819911418217609}, "win_rate_10": {"importance": 0.003305566310882524, "std": 0.0005904551732257689}, "population_log": {"importance": 0.003261095285415627, "std": 0.00036244304298486843}, "gdp_log": {"importance": 0.0031300246715545432, "std": 0.0003217763330815535}, "points_per_game_20": {"importance": 0.0030003130435943826, "std": 0.00040471433315778947}, "squad_value_log": {"importance": 0.002924609184265181, "std": 0.0003117266459801612}, "conf_CONMEBOL": {"importance": 0.002723902463912964, "std": 0.0004334826462970351}, "conf_CONCACAF": {"importance": 0.002179688215255715, "std": 0.00027952697987795313}, "is_host": {"importance": 0.0014633953571319136, "std": 0.0002830156917645726}, "wc_titles": {"importance": 0.001009595394134477, "std": 0.00037383725086135726}, "conf_OFC": {"importance": 0.0009392201900482178, "std": 0.0003669261586228448}}