{"mean_loss": 0.6624943256378174, "std_loss": 0.014853529806440998, "mean_mae": 0.8265742301940918, "std_mae": 0.015898526420258338}