{"elo_diff": {"importance": 0.24421987533569334, "std": 0.008146863784487802}, "goals_scored_avg_5": {"importance": 0.17176071405410764, "std": 0.0014573395077071291}, "goals_scored_std_5": {"importance": 0.05154986381530757, "std": 0.00156020848644997}, "goal_diff_avg_5": {"importance": 0.03257781267166138, "std": 0.0011653829563908699}, "elo": {"importance": 0.029304963350295976, "std": 0.0014223270151799015}, "goals_conceded_avg_5": {"importance": 0.027331852912902854, "std": 0.0011965107360544624}, "goals_scored_avg_10": {"importance": 0.021449410915374778, "std": 0.0013973216959187213}, "win_rate_10": {"importance": 0.014473098516464278, "std": 0.0013214737631074857}, "goals_scored_std_10": {"importance": 0.01295543313026426, "std": 0.00062527913580644}, "inter_confederation": {"importance": 0.01265148520469661, "std": 0.0009075607666364655}, "draw_rate_5": {"importance": 0.011940318346023604, "std": 0.0007876439977963652}, "squad_value_diff": {"importance": 0.011520802974700928, "std": 0.0010262523744058746}, "clean_sheet_rate_5": {"importance": 0.008080768585205123, "std": 0.0009532769428817401}, "win_rate_5": {"importance": 0.006856632232665971, "std": 0.0006964718054434879}, "neutral_win_rate": {"importance": 0.006693750619888306, "std": 0.0004590879529002047}, "goals_conceded_avg_10": {"importance": 0.006516134738922097, "std": 0.0003465587435624234}, "points_per_game_5": {"importance": 0.0060191273689269575, "std": 0.0004979564846180827}, "goals_conceded_avg_20": {"importance": 0.005888098478317283, "std": 0.0005491331201376103}, "conf_UEFA": {"importance": 0.005634284019470193, "std": 0.0005932607195224369}, "draw_rate_10": {"importance": 0.005281627178192139, "std": 0.00028451604492805743}, "is_neutral": {"importance": 0.005194187164306641, "std": 0.0005831470310233969}, "is_wc": {"importance": 0.005012613534927324, "std": 0.000575811546242193}, "squad_market_value": {"importance": 0.004872381687164307, "std": 0.0006844863673135791}, "squad_value_log": {"importance": 0.004821550846099809, "std": 0.0005824905162920395}, "goals_scored_std_20": {"importance": 0.0046364307403564675, "std": 0.0006242754985542111}, "draw_rate_20": {"importance": 0.0044394731521606445, "std": 0.00031058838263650315}, "points_per_game_10": {"importance": 0.004303288459777788, "std": 0.00042666069806467224}, "competitive_win_rate": {"importance": 0.004215753078460671, "std": 0.0008330240926912093}, "confederation_strength": {"importance": 0.004193359613418601, "std": 0.00030281484325261833}, "clean_sheet_rate_20": {"importance": 0.0038417220115661843, "std": 0.00042356676917823256}, "goals_scored_avg_20": {"importance": 0.0037477970123290794, "std": 0.00041160095683873853}, "win_rate_20": {"importance": 0.0035435497760772927, "std": 0.00047969784746842173}, "goal_diff_avg_10": {"importance": 0.003454905748367265, "std": 0.0003635561149522217}, "clean_sheet_rate_10": {"importance": 0.0031676352024078147, "std": 0.0002773184466446104}, "conf_CONMEBOL": {"importance": 0.0031371176242828147, "std": 0.00046315663899764597}, "competitive_goals_avg": {"importance": 0.003101509809493974, "std": 0.00045826655590259867}, "conf_AFC": {"importance": 0.0029269933700561968, "std": 0.0003873735668911769}, "conf_CAF": {"importance": 0.00289187431335447, "std": 0.0003472389762767752}, "goal_diff_avg_20": {"importance": 0.0027701437473297563, "std": 0.000381261383146148}, "points_per_game_20": {"importance": 0.002461040019989036, "std": 0.0003768226923817608}, "population_log": {"importance": 0.002442497014999434, "std": 0.0004085482537320968}, "gdp_log": {"importance": 0.0020684838294983132, "std": 0.00027046834698468225}, "conf_CONCACAF": {"importance": 0.0017159044742584006, "std": 0.00029300811543978077}, "wc_appearances": {"importance": 0.0015221655368804488, "std": 0.0003775941563929701}, "wc_titles": {"importance": 0.0011725306510925737, "std": 0.00027110522114738583}, "is_host": {"importance": 0.0009134232997893843, "std": 0.00028524507566785197}, "conf_OFC": {"importance": 0.0007617175579071045, "std": 0.00020717919865618071}}